<PAMDataset>
  <Metadata domain="Esri">
    <MDI key="PyramidResamplingType">NEAREST</MDI>
  </Metadata>
  <PAMRasterBand band="1">
    <Metadata>
      <MDI key="STATISTICS_APPROXIMATE">YES</MDI>
      <MDI key="STATISTICS_MAXIMUM">5446</MDI>
      <MDI key="STATISTICS_MEAN">3117.0495081967</MDI>
      <MDI key="STATISTICS_MINIMUM">9</MDI>
      <MDI key="STATISTICS_STDDEV">1489.7813385075</MDI>
      <MDI key="STATISTICS_VALID_PERCENT">40.27</MDI>
    </Metadata>
  </PAMRasterBand>
</PAMDataset>
